did,oid,eid,sid,ent,density,density_D,flow,flow_D,input_flow,input_flow_D,input_count,input_count_D,ttime,ttime_D,dtime,dtime_D,wtimeVQ,wtimeVQ_D,speed,speed_D,spdh,spdh_D,travel,travel_D,traveltime,traveltime_D,vWait,vWait_D,vIn,vIn_D,vOut,vOut_D,totalDistanceTraveledInside,totalDistanceTraveledInside_D,totalTravelTimeInside,totalTravelTimeInside_D,totalWaitingTime,totalWaitingTime_D,vLostIn,vLostIn_D,vLostOut,vLostOut_D,qmean,qmean_D,qvmean,qvmean_D,qvmax,qvmax_D,missedTurnings,missedTurnings_D,lane_changes,lane_changes_D,total_lane_changes,total_lane_changes_D,stime,stime_D,nstops,nstops_D,totalNStops,totalNStops_D,fuelc,fuelc_D
182121,182121,,0,1,2.95396977801864,-1.0,19998.0,-1.0,44562.0,-1.0,7427.0,-1.0,93.461142909288,30.5103763518896,25.5232891586376,28.7599326065998,209.730972379523,186.860329514362,40.8514218749559,8.09293216069072,38.518681539066,9.47913931280039,14155.6376155693,-1.0,344.800697002124,-1.0,2055451.0,-1.0,5295.0,-1.0,3333.0,-1.0,29582.8639007827,-1.0,1543.20882735493,-1.0,227701.955635194,-1.0,0.0,-1.0,0.0,-1.0,2243.904,-1.0,1371521.99066667,-1.0,2055451.0,-1.0,45.0,-1.0,3.55364035396646,-1.0,8909.0,-1.0,12.404803728718,23.2353179156972,0.0,-1.0,7276.0,-1.0,1200.31279144675,-1.0
182121,182121,,1,1,2.94478872726216,-1.0,19974.0,-1.0,44442.0,-1.0,7407.0,-1.0,93.3713744554252,30.3873514477419,25.5321112494565,28.7751365107393,209.982977152583,186.830986242144,40.873567170307,8.07112175855083,38.5557139005019,9.45338497755947,14142.5182345228,-1.0,344.212878027224,-1.0,2055433.0,-1.0,5269.0,-1.0,3329.0,-1.0,29502.31270322,-1.0,1539.69525005038,-1.0,227700.448412971,-1.0,0.0,-1.0,0.0,-1.0,2235.636,-1.0,1371512.772,-1.0,2055433.0,-1.0,45.0,-1.0,3.55084817948248,-1.0,8902.0,-1.0,12.4185558249062,23.2458155524534,0.0,-1.0,7252.0,-1.0,1199.08855877267,-1.0
182121,182121,,2,1,0.0,-1.0,24.0,-1.0,96.0,-1.0,16.0,-1.0,168.170938636627,45.8390603883551,18.1811040746253,7.77713591432897,0.0,0.0,22.4209998190857,4.99653001328813,21.4067901932727,4.65950347910347,13.1193810464681,-1.0,0.587818974899524,-1.0,18.0,-1.0,18.0,-1.0,4.0,-1.0,58.875409900995,-1.0,2.66575620664484,-1.0,1.50722222222222,-1.0,0.0,-1.0,0.0,-1.0,7.14133333333334,-1.0,9.21866666666667,-1.0,18.0,-1.0,0.0,-1.0,0.0,-1.0,7.0,-1.0,0.959621676063144,1.91924335212577,0.0,-1.0,24.0,-1.0,1.22423267407907,-1.0
182121,182121,,3,1,0.0,-1.0,0.0,-1.0,0.0,-1.0,0.0,-1.0,-1.0,-1.0,-1.0,-1.0,-1.0,-1.0,-1.0,-1.0,-1.0,0.0,0.0,-1.0,0.0,-1.0,0.0,-1.0,0.0,-1.0,0.0,-1.0,0.0,-1.0,0.0,-1.0,0.0,-1.0,0.0,-1.0,0.0,-1.0,0.0,-1.0,0.0,-1.0,0.0,-1.0,0.0,-1.0,0.0,-1.0,0.0,-1.0,-1.0,-1.0,-1.0,-1.0,0.0,-1.0,0.0,-1.0
182121,182121,,4,1,0.0,-1.0,0.0,-1.0,0.0,-1.0,0.0,-1.0,-1.0,-1.0,-1.0,-1.0,-1.0,-1.0,-1.0,-1.0,-1.0,0.0,0.0,-1.0,0.0,-1.0,0.0,-1.0,0.0,-1.0,0.0,-1.0,0.0,-1.0,0.0,-1.0,0.0,-1.0,0.0,-1.0,0.0,-1.0,0.0,-1.0,0.0,-1.0,0.0,-1.0,0.0,-1.0,0.0,-1.0,0.0,-1.0,-1.0,-1.0,-1.0,-1.0,0.0,-1.0,0.0,-1.0
182121,182121,,5,1,0.0,-1.0,0.0,-1.0,24.0,-1.0,4.0,-1.0,-1.0,-1.0,-1.0,-1.0,-1.0,-1.0,-1.0,-1.0,-1.0,0.0,0.0,-1.0,0.0,-1.0,0.0,-1.0,8.0,-1.0,0.0,-1.0,21.6757876617814,-1.0,0.847821097902139,-1.0,0.0,-1.0,0.0,-1.0,0.0,-1.0,1.164,-1.0,0.0,-1.0,0.0,-1.0,0.0,-1.0,0.0,-1.0,0.0,-1.0,-1.0,-1.0,-1.0,-1.0,0.0,-1.0,0.0,-1.0
182121,182121,,0,2,4.51240538125043,-1.0,8136.0,-1.0,32874.0,-1.0,5479.0,-1.0,99.4258420866301,40.5362341468588,30.8587925419745,38.605681125749,597.523909783368,337.330801287268,39.0480861102526,8.65547057796009,36.2078904683884,10.1408822451211,7163.14075979524,-1.0,188.505684808072,-1.0,3427263.0,-1.0,8062.0,-1.0,1356.0,-1.0,14593.6930383632,-1.0,2213.62498759983,-1.0,456456.870244978,-1.0,0.0,-1.0,0.0,-1.0,7487.50133333334,-1.0,2742107.59466666,-1.0,3427263.0,-1.0,46.0,-1.0,1.71798507178511,-1.0,4307.0,-1.0,18.1126365584529,36.0993117415084,0.0,-1.0,4362.0,-1.0,600.34451277299,-1.0
182121,182121,,1,2,4.49826727058848,-1.0,8094.0,-1.0,32760.0,-1.0,5460.0,-1.0,98.8428503729987,39.7128104413076,30.7955348225856,38.6899404775831,600.579045980361,335.517572876478,39.158342367786,8.53580294926313,36.4214506807,9.98406558470134,7134.97788782031,-1.0,187.010460254228,-1.0,3427230.0,-1.0,8031.0,-1.0,1349.0,-1.0,14532.2353532208,-1.0,2208.08943135633,-1.0,456453.312189422,-1.0,0.0,-1.0,0.0,-1.0,7468.91866666666,-1.0,2742086.156,-1.0,3427230.0,-1.0,46.0,-1.0,1.70801302005662,-1.0,4282.0,-1.0,18.1312219224267,36.1871453619288,0.0,-1.0,4249.0,-1.0,593.857420738072,-1.0
182121,182121,,2,2,0.0108498026632255,-1.0,36.0,-1.0,90.0,-1.0,15.0,-1.0,223.219552135027,35.3831294363548,43.6381098243039,10.8921214529612,10.2147731232804,19.6143663101579,16.5745148932271,3.39883063997833,16.1276194919625,2.6846524885546,20.8529895474185,-1.0,1.20461732812988,-1.0,33.0,-1.0,21.0,-1.0,6.0,-1.0,49.8132651200553,-1.0,4.19705495315971,-1.0,3.55805555555556,-1.0,0.0,-1.0,0.0,-1.0,15.5386666666667,-1.0,21.4386666666667,-1.0,33.0,-1.0,0.0,-1.0,0.0,-1.0,24.0,-1.0,14.709261848181,9.71418073443132,0.0,-1.0,82.0,-1.0,2.79389187532677,-1.0
182121,182121,,3,2,0.0,-1.0,0.0,-1.0,0.0,-1.0,0.0,-1.0,-1.0,-1.0,-1.0,-1.0,-1.0,-1.0,-1.0,-1.0,-1.0,0.0,0.0,-1.0,0.0,-1.0,0.0,-1.0,0.0,-1.0,0.0,-1.0,0.0,-1.0,0.0,-1.0,0.0,-1.0,0.0,-1.0,0.0,-1.0,0.0,-1.0,0.0,-1.0,0.0,-1.0,0.0,-1.0,0.0,-1.0,0.0,-1.0,-1.0,-1.0,-1.0,-1.0,0.0,-1.0,0.0,-1.0
182121,182121,,4,2,0.0,-1.0,0.0,-1.0,0.0,-1.0,0.0,-1.0,-1.0,-1.0,-1.0,-1.0,-1.0,-1.0,-1.0,-1.0,-1.0,0.0,0.0,-1.0,0.0,-1.0,0.0,-1.0,0.0,-1.0,0.0,-1.0,0.0,-1.0,0.0,-1.0,0.0,-1.0,0.0,-1.0,0.0,-1.0,0.0,-1.0,0.0,-1.0,0.0,-1.0,0.0,-1.0,0.0,-1.0,0.0,-1.0,-1.0,-1.0,-1.0,-1.0,0.0,-1.0,0.0,-1.0
182121,182121,,5,2,0.0,-1.0,6.0,-1.0,24.0,-1.0,4.0,-1.0,143.119403484958,-1.0,39.5175523035702,-1.0,0.0,-1.0,25.1538219999524,-1.0,25.1538219999524,0.0,7.3098824275095,-1.0,0.290607225713983,-1.0,0.0,-1.0,10.0,-1.0,1.0,-1.0,11.6444200223085,-1.0,1.33850129033488,-1.0,0.0,-1.0,0.0,-1.0,0.0,-1.0,3.044,-1.0,0.0,-1.0,0.0,-1.0,0.0,-1.0,0.0,-1.0,1.0,-1.0,13.4612288194527,-1.0,0.0123653441433337,-1.0,31.0,-1.0,3.69320015959092,-1.0
182121,182121,,0,3,5.89135086371034,-1.0,840.0,-1.0,15240.0,-1.0,2540.0,-1.0,85.3534434537016,26.5194729222201,11.8459935123348,8.51867698890607,1361.18447471218,371.975819017161,44.354422828197,7.84739235035477,42.1775602053215,9.58200158291817,459.256068034303,-1.0,10.2715038018143,-1.0,4804710.0,-1.0,10322.0,-1.0,140.0,-1.0,6848.05223304464,-1.0,2606.1756173981,-1.0,685779.491600446,-1.0,0.0,-1.0,0.0,-1.0,11607.384,-1.0,4116505.63466667,-1.0,4804710.0,-1.0,22.0,-1.0,0.0957316965935515,-1.0,240.0,-1.0,1.54444406677424,3.51311013567063,0.0,-1.0,121.0,-1.0,32.2358000332757,-1.0
182121,182121,,1,3,5.87198772701751,-1.0,810.0,-1.0,15138.0,-1.0,2523.0,-1.0,80.8060916015908,10.8607162970556,11.1224981948795,7.5220762235923,1411.59871451634,268.017098295319,45.3428400387887,6.00208214477152,44.551096688967,5.93911058414938,446.037458845451,-1.0,9.5026758733365,-1.0,4804663.0,-1.0,10284.0,-1.0,135.0,-1.0,6803.56347955986,-1.0,2598.40936309092,-1.0,685772.939933779,-1.0,0.0,-1.0,0.0,-1.0,11575.1586666666,-1.0,4116466.25733334,-1.0,4804663.0,-1.0,22.0,-1.0,0.0905462296947342,-1.0,227.0,-1.0,1.47027844594908,3.46098010464943,0.0,-1.0,83.0,-1.0,30.7059703518129,-1.0
182121,182121,,2,3,0.0145765518631381,-1.0,30.0,-1.0,78.0,-1.0,13.0,-1.0,208.131943460692,30.7647646350027,31.3803670836279,11.4713752812638,0.0,0.0,17.6671581422193,3.144354501991,17.2967202445784,2.53127649289507,13.2186091888516,-1.0,0.768827928477798,-1.0,47.0,-1.0,24.0,-1.0,5.0,-1.0,35.4616652906261,-1.0,5.75730050657887,-1.0,6.55166666666667,-1.0,0.0,-1.0,0.0,-1.0,25.7386666666667,-1.0,39.3773333333333,-1.0,47.0,-1.0,0.0,-1.0,0.0,-1.0,13.0,-1.0,3.54691582905359,4.73377898625067,0.0,-1.0,38.0,-1.0,1.52982968146286,-1.0
182121,182121,,3,3,0.0,-1.0,0.0,-1.0,0.0,-1.0,0.0,-1.0,-1.0,-1.0,-1.0,-1.0,-1.0,-1.0,-1.0,-1.0,-1.0,0.0,0.0,-1.0,0.0,-1.0,0.0,-1.0,0.0,-1.0,0.0,-1.0,0.0,-1.0,0.0,-1.0,0.0,-1.0,0.0,-1.0,0.0,-1.0,0.0,-1.0,0.0,-1.0,0.0,-1.0,0.0,-1.0,0.0,-1.0,0.0,-1.0,-1.0,-1.0,-1.0,-1.0,0.0,-1.0,0.0,-1.0
182121,182121,,4,3,0.0,-1.0,0.0,-1.0,0.0,-1.0,0.0,-1.0,-1.0,-1.0,-1.0,-1.0,-1.0,-1.0,-1.0,-1.0,-1.0,0.0,0.0,-1.0,0.0,-1.0,0.0,-1.0,0.0,-1.0,0.0,-1.0,0.0,-1.0,0.0,-1.0,0.0,-1.0,0.0,-1.0,0.0,-1.0,0.0,-1.0,0.0,-1.0,0.0,-1.0,0.0,-1.0,0.0,-1.0,0.0,-1.0,-1.0,-1.0,-1.0,-1.0,0.0,-1.0,0.0,-1.0
182121,182121,,5,3,0.0,-1.0,0.0,-1.0,24.0,-1.0,4.0,-1.0,-1.0,-1.0,-1.0,-1.0,-1.0,-1.0,-1.0,-1.0,-1.0,0.0,0.0,-1.0,0.0,-1.0,0.0,-1.0,14.0,-1.0,0.0,-1.0,9.02708819415739,-1.0,2.00895380060086,-1.0,0.0,-1.0,0.0,-1.0,0.0,-1.0,6.48666666666667,-1.0,0.0,-1.0,0.0,-1.0,0.0,-1.0,0.0,-1.0,0.0,-1.0,-1.0,-1.0,-1.0,-1.0,0.0,-1.0,0.0,-1.0
182121,182121,,0,4,6.53243532423741,-1.0,174.0,-1.0,6150.0,-1.0,1025.0,-1.0,95.2064677335693,33.7381660864957,11.2858872245364,7.22012514207075,1976.77595740538,581.271422775095,40.5112885962125,8.65120125045286,37.8125571266274,10.1017789454686,49.9753009990804,-1.0,1.34416532627093,-1.0,6183924.0,-1.0,11289.0,-1.0,29.0,-1.0,3211.63286289865,-1.0,2796.028145059,-1.0,915634.63186503,-1.0,0.0,-1.0,0.0,-1.0,13478.02,-1.0,5495134.056,-1.0,6183924.0,-1.0,17.0,-1.0,0.0,-1.0,22.0,-1.0,0.219454973958182,0.657494837441731,0.0,-1.0,19.0,-1.0,3.85607092787606,-1.0
182121,182121,,1,4,6.50830972103092,-1.0,162.0,-1.0,6054.0,-1.0,1009.0,-1.0,86.7703587701832,11.1563264192487,10.1638129309482,5.79360331078379,2123.20380610208,202.517292806846,42.2254046814373,6.01272182058859,41.4888223469818,5.5281039804033,44.5627472990015,-1.0,1.02979527855222,-1.0,6183862.0,-1.0,11239.0,-1.0,27.0,-1.0,3169.68995406289,-1.0,2786.0,-1.0,915625.944920586,-1.0,0.0,-1.0,0.0,-1.0,13433.016,-1.0,5495081.86933334,-1.0,6183862.0,-1.0,17.0,-1.0,0.0,-1.0,16.0,-1.0,0.235710897955041,0.679392518736877,0.0,-1.0,3.0,-1.0,3.14678249713107,-1.0
182121,182121,,2,4,0.0177434901002557,-1.0,12.0,-1.0,72.0,-1.0,12.0,-1.0,209.093938739281,27.8044491413591,26.4338901879767,9.69616514298078,0.0,0.0,17.3707214456781,2.30988685706145,17.2171418344595,1.62610022730167,5.41255370007889,-1.0,0.314370047718712,-1.0,62.0,-1.0,32.0,-1.0,2.0,-1.0,32.906674480902,-1.0,7.35229268776541,-1.0,8.68694444444444,-1.0,0.0,-1.0,0.0,-1.0,34.508,-1.0,52.1866666666667,-1.0,62.0,-1.0,0.0,-1.0,0.0,-1.0,6.0,-1.0,0.0,0.0,0.0,-1.0,16.0,-1.0,0.709288430744989,-1.0
182121,182121,,3,4,0.0,-1.0,0.0,-1.0,0.0,-1.0,0.0,-1.0,-1.0,-1.0,-1.0,-1.0,-1.0,-1.0,-1.0,-1.0,-1.0,0.0,0.0,-1.0,0.0,-1.0,0.0,-1.0,0.0,-1.0,0.0,-1.0,0.0,-1.0,0.0,-1.0,0.0,-1.0,0.0,-1.0,0.0,-1.0,0.0,-1.0,0.0,-1.0,0.0,-1.0,0.0,-1.0,0.0,-1.0,0.0,-1.0,-1.0,-1.0,-1.0,-1.0,0.0,-1.0,0.0,-1.0
182121,182121,,4,4,0.0,-1.0,0.0,-1.0,0.0,-1.0,0.0,-1.0,-1.0,-1.0,-1.0,-1.0,-1.0,-1.0,-1.0,-1.0,-1.0,0.0,0.0,-1.0,0.0,-1.0,0.0,-1.0,0.0,-1.0,0.0,-1.0,0.0,-1.0,0.0,-1.0,0.0,-1.0,0.0,-1.0,0.0,-1.0,0.0,-1.0,0.0,-1.0,0.0,-1.0,0.0,-1.0,0.0,-1.0,0.0,-1.0,-1.0,-1.0,-1.0,-1.0,0.0,-1.0,0.0,-1.0
182121,182121,,5,4,0.0,-1.0,0.0,-1.0,24.0,-1.0,4.0,-1.0,-1.0,-1.0,-1.0,-1.0,-1.0,-1.0,-1.0,-1.0,-1.0,0.0,0.0,-1.0,0.0,-1.0,0.0,-1.0,18.0,-1.0,0.0,-1.0,9.03623435485756,-1.0,2.67585237123542,-1.0,0.0,-1.0,0.0,-1.0,0.0,-1.0,10.496,-1.0,0.0,-1.0,0.0,-1.0,0.0,-1.0,0.0,-1.0,0.0,-1.0,-1.0,-1.0,-1.0,-1.0,0.0,-1.0,0.0,-1.0
182121,182121,,0,5,6.83000455334568,-1.0,18.0,-1.0,4392.0,-1.0,732.0,-1.0,204.534700652411,36.7853287453235,31.5384369064698,14.4003691404459,0.0,0.0,18.0345666819982,3.61695822750793,17.600925361403,2.76269587856061,7.80547733797975,-1.0,0.447163802731077,-1.0,7563331.0,-1.0,12015.0,-1.0,3.0,-1.0,2826.11063300039,-1.0,2904.99291935276,-1.0,1145577.88984778,-1.0,0.0,-1.0,0.0,-1.0,14211.556,-1.0,6874694.55733333,-1.0,7563331.0,-1.0,31.0,-1.0,0.0,-1.0,10.0,-1.0,9.36095408456289,8.33142248985438,0.0,-1.0,22.0,-1.0,0.914207258655174,-1.0
182121,182121,,1,5,6.80057559669794,-1.0,0.0,-1.0,4290.0,-1.0,715.0,-1.0,-1.0,-1.0,-1.0,-1.0,-1.0,-1.0,-1.0,-1.0,-1.0,0.0,0.0,-1.0,0.0,-1.0,7563251.0,-1.0,11954.0,-1.0,0.0,-1.0,2785.2982237341,-1.0,2892.68248799078,-1.0,1145566.34040333,-1.0,0.0,-1.0,0.0,-1.0,14155.5386666667,-1.0,6874625.19199999,-1.0,7563251.0,-1.0,31.0,-1.0,0.0,-1.0,0.0,-1.0,-1.0,-1.0,-1.0,-1.0,0.0,-1.0,0.0,-1.0
182121,182121,,2,5,0.0214513152649538,-1.0,18.0,-1.0,78.0,-1.0,13.0,-1.0,204.534700652411,36.7853287453235,31.5384369064698,14.4003691404459,0.0,0.0,18.0345666819982,3.61695822750793,17.600925361403,2.76269587856061,7.80547733797975,-1.0,0.447163802731077,-1.0,80.0,-1.0,39.0,-1.0,3.0,-1.0,32.0274710406071,-1.0,8.96820976754697,-1.0,11.5494444444444,-1.0,0.0,-1.0,0.0,-1.0,41.852,-1.0,69.3653333333333,-1.0,80.0,-1.0,0.0,-1.0,0.0,-1.0,10.0,-1.0,9.36095408456289,8.33142248985438,0.0,-1.0,22.0,-1.0,0.914207258655174,-1.0
182121,182121,,3,5,0.0,-1.0,0.0,-1.0,0.0,-1.0,0.0,-1.0,-1.0,-1.0,-1.0,-1.0,-1.0,-1.0,-1.0,-1.0,-1.0,0.0,0.0,-1.0,0.0,-1.0,0.0,-1.0,0.0,-1.0,0.0,-1.0,0.0,-1.0,0.0,-1.0,0.0,-1.0,0.0,-1.0,0.0,-1.0,0.0,-1.0,0.0,-1.0,0.0,-1.0,0.0,-1.0,0.0,-1.0,0.0,-1.0,-1.0,-1.0,-1.0,-1.0,0.0,-1.0,0.0,-1.0
182121,182121,,4,5,0.0,-1.0,0.0,-1.0,0.0,-1.0,0.0,-1.0,-1.0,-1.0,-1.0,-1.0,-1.0,-1.0,-1.0,-1.0,-1.0,0.0,0.0,-1.0,0.0,-1.0,0.0,-1.0,0.0,-1.0,0.0,-1.0,0.0,-1.0,0.0,-1.0,0.0,-1.0,0.0,-1.0,0.0,-1.0,0.0,-1.0,0.0,-1.0,0.0,-1.0,0.0,-1.0,0.0,-1.0,0.0,-1.0,-1.0,-1.0,-1.0,-1.0,0.0,-1.0,0.0,-1.0
182121,182121,,5,5,0.0,-1.0,0.0,-1.0,24.0,-1.0,4.0,-1.0,-1.0,-1.0,-1.0,-1.0,-1.0,-1.0,-1.0,-1.0,-1.0,0.0,0.0,-1.0,0.0,-1.0,0.0,-1.0,22.0,-1.0,0.0,-1.0,8.78493822568394,-1.0,3.34222159443508,-1.0,0.0,-1.0,0.0,-1.0,0.0,-1.0,14.1653333333333,-1.0,0.0,-1.0,0.0,-1.0,0.0,-1.0,0.0,-1.0,0.0,-1.0,-1.0,-1.0,-1.0,-1.0,0.0,-1.0,0.0,-1.0
182121,182121,,0,6,7.11448920025893,-1.0,36.0,-1.0,3828.0,-1.0,638.0,-1.0,211.817463711094,31.8026693264449,39.4262076022772,14.4403175072191,0.0,0.0,17.3853692519885,3.14430369731542,16.9957657736389,2.57324881475258,15.9242145956745,-1.0,0.942062727678694,-1.0,8941414.0,-1.0,12641.0,-1.0,6.0,-1.0,2621.85258084386,-1.0,3023.44810093799,-1.0,1375324.3411237,-1.0,0.0,-1.0,0.0,-1.0,14859.444,-1.0,8253172.07466666,-1.0,8941414.0,-1.0,9.0,-1.0,0.0,-1.0,20.0,-1.0,10.6490143146202,5.76767750031199,0.0,-1.0,49.0,-1.0,2.15682502187273,-1.0
182121,182121,,1,6,7.08067912435386,-1.0,0.0,-1.0,3768.0,-1.0,628.0,-1.0,-1.0,-1.0,-1.0,-1.0,-1.0,-1.0,-1.0,-1.0,-1.0,0.0,0.0,-1.0,0.0,-1.0,8941319.0,-1.0,12582.0,-1.0,0.0,-1.0,2586.6237694836,-1.0,3009.74393687093,-1.0,1375309.85779037,-1.0,0.0,-1.0,0.0,-1.0,14794.4826666667,-1.0,8253085.10666667,-1.0,8941319.0,-1.0,9.0,-1.0,0.0,-1.0,0.0,-1.0,-1.0,-1.0,-1.0,-1.0,0.0,-1.0,0.0,-1.0
182121,182121,,2,6,0.0242369062457208,-1.0,36.0,-1.0,48.0,-1.0,8.0,-1.0,211.817463711094,31.8026693264449,39.4262076022772,14.4403175072191,0.0,0.0,17.3853692519885,3.14430369731542,16.9957657736389,2.57324881475258,15.9242145956745,-1.0,0.942062727678694,-1.0,95.0,-1.0,35.0,-1.0,6.0,-1.0,26.6168783397649,-1.0,9.70169378596563,-1.0,14.4833333333333,-1.0,0.0,-1.0,0.0,-1.0,47.34,-1.0,86.968,-1.0,95.0,-1.0,0.0,-1.0,0.0,-1.0,20.0,-1.0,10.6490143146202,5.76767750031199,0.0,-1.0,49.0,-1.0,2.15682502187273,-1.0
182121,182121,,3,6,0.0,-1.0,0.0,-1.0,0.0,-1.0,0.0,-1.0,-1.0,-1.0,-1.0,-1.0,-1.0,-1.0,-1.0,-1.0,-1.0,0.0,0.0,-1.0,0.0,-1.0,0.0,-1.0,0.0,-1.0,0.0,-1.0,0.0,-1.0,0.0,-1.0,0.0,-1.0,0.0,-1.0,0.0,-1.0,0.0,-1.0,0.0,-1.0,0.0,-1.0,0.0,-1.0,0.0,-1.0,0.0,-1.0,-1.0,-1.0,-1.0,-1.0,0.0,-1.0,0.0,-1.0
182121,182121,,4,6,0.0,-1.0,0.0,-1.0,0.0,-1.0,0.0,-1.0,-1.0,-1.0,-1.0,-1.0,-1.0,-1.0,-1.0,-1.0,-1.0,0.0,0.0,-1.0,0.0,-1.0,0.0,-1.0,0.0,-1.0,0.0,-1.0,0.0,-1.0,0.0,-1.0,0.0,-1.0,0.0,-1.0,0.0,-1.0,0.0,-1.0,0.0,-1.0,0.0,-1.0,0.0,-1.0,0.0,-1.0,0.0,-1.0,-1.0,-1.0,-1.0,-1.0,0.0,-1.0,0.0,-1.0
182121,182121,,5,6,0.0,-1.0,0.0,-1.0,12.0,-1.0,2.0,-1.0,-1.0,-1.0,-1.0,-1.0,-1.0,-1.0,-1.0,-1.0,-1.0,0.0,0.0,-1.0,0.0,-1.0,0.0,-1.0,24.0,-1.0,0.0,-1.0,8.61193302048862,-1.0,4.00247028109386,-1.0,0.0,-1.0,0.0,-1.0,0.0,-1.0,17.6213333333333,-1.0,0.0,-1.0,0.0,-1.0,0.0,-1.0,0.0,-1.0,0.0,-1.0,-1.0,-1.0,-1.0,-1.0,0.0,-1.0,0.0,-1.0
182121,182121,,0,0,5.63910918347024,-1.0,4867.0,-1.0,17841.0,-1.0,17841.0,-1.0,95.1145283990434,34.0175414780795,26.5524034991222,31.5879484386613,361.037206047187,370.591331764118,40.4047372828285,8.36513481714311,37.8491073928956,9.83505516815037,21851.7394363315,-1.0,546.311277468691,-1.0,8941414.0,-1.0,12641.0,-1.0,4867.0,-1.0,2621.85258084386,-1.0,19251.8698827815,-1.0,4830358.40728367,-1.0,0.0,-1.0,0.0,-1.0,10647.9682222222,-1.0,4808855.98466666,-1.0,8941414.0,-1.0,170.0,-1.0,5.38809898994039,-1.0,13508.0,-1.0,13.6060220490679,27.2929751015221,0.0,-1.0,11849.0,-1.0,1839.82020746142,-1.0
182121,182121,,1,0,5.61743469449183,-1.0,4840.0,-1.0,17742.0,-1.0,17742.0,-1.0,94.5090770182431,33.0155544457894,26.5114741798662,31.655569915819,363.0385936349,370.650171497748,40.5277021272169,8.21937917199971,38.0915792808463,9.63305592947582,21768.0963284875,-1.0,541.755809433341,-1.0,8941319.0,-1.0,12582.0,-1.0,4840.0,-1.0,2586.6237694836,-1.0,19201.3392944124,-1.0,4830312.02200589,-1.0,0.0,-1.0,0.0,-1.0,10610.4584444444,-1.0,4808809.55888888,-1.0,8941319.0,-1.0,170.0,-1.0,5.35578954234007,-1.0,13427.0,-1.0,13.6374467972963,27.3595259900291,0.0,-1.0,11587.0,-1.0,1826.79873235969,-1.0
182121,182121,,2,0,0.0160064478683392,-1.0,26.0,-1.0,77.0,-1.0,77.0,-1.0,205.975290244711,36.1333146202218,33.6728941296727,13.7863050398318,2.35725533614164,9.80855422127414,18.1009322229263,3.72484561661054,17.4778246250945,3.30008565305015,76.3332254164712,-1.0,4.26486080963569,-1.0,95.0,-1.0,35.0,-1.0,26.0,-1.0,26.6168783397649,-1.0,36.4397014213832,-1.0,46.3852777777778,-1.0,0.0,-1.0,0.0,-1.0,28.6864444444444,-1.0,46.4257777777778,-1.0,95.0,-1.0,0.0,-1.0,0.0319105655311838,-1.0,80.0,-1.0,7.76175327230838,8.04824083682701,0.0,-1.0,231.0,-1.0,9.32827494214159,-1.0
182121,182121,,3,0,0.0,-1.0,0.0,-1.0,0.0,-1.0,0.0,-1.0,-1.0,-1.0,-1.0,-1.0,-1.0,-1.0,-1.0,-1.0,-1.0,0.0,0.0,-1.0,0.0,-1.0,0.0,-1.0,0.0,-1.0,0.0,-1.0,0.0,-1.0,0.0,-1.0,0.0,-1.0,0.0,-1.0,0.0,-1.0,0.0,-1.0,0.0,-1.0,0.0,-1.0,0.0,-1.0,0.0,-1.0,0.0,-1.0,-1.0,-1.0,-1.0,-1.0,0.0,-1.0,0.0,-1.0
182121,182121,,4,0,0.0,-1.0,0.0,-1.0,0.0,-1.0,0.0,-1.0,-1.0,-1.0,-1.0,-1.0,-1.0,-1.0,-1.0,-1.0,-1.0,0.0,0.0,-1.0,0.0,-1.0,0.0,-1.0,0.0,-1.0,0.0,-1.0,0.0,-1.0,0.0,-1.0,0.0,-1.0,0.0,-1.0,0.0,-1.0,0.0,-1.0,0.0,-1.0,0.0,-1.0,0.0,-1.0,0.0,-1.0,0.0,-1.0,-1.0,-1.0,-1.0,-1.0,0.0,-1.0,0.0,-1.0
182121,182121,,5,0,0.0,-1.0,1.0,-1.0,22.0,-1.0,22.0,-1.0,143.119403484958,-1.0,39.5175523035702,-1.0,0.0,-1.0,25.1538219999524,-1.0,25.1538219999524,0.0,7.3098824275095,-1.0,0.290607225713983,-1.0,0.0,-1.0,24.0,-1.0,1.0,-1.0,8.61193302048862,-1.0,14.0908869477605,-1.0,0.0,-1.0,0.0,-1.0,0.0,-1.0,8.82955555555556,-1.0,0.0,-1.0,0.0,-1.0,0.0,-1.0,0.0,-1.0,1.0,-1.0,13.4612288194527,-1.0,0.0123653441433337,-1.0,31.0,-1.0,3.69320015959092,-1.0
181201,181201,,0,1,3.18466691549641,-1.0,17838.0,-1.0,44844.0,-1.0,7474.0,-1.0,92.709627889257,34.7540519657515,25.3539176130509,34.0824100982574,196.988136346923,175.983392112784,41.3795495694616,8.10893892091168,38.8309184489473,9.94814993841264,12936.719958396,-1.0,308.839763020987,-1.0,2056711.0,-1.0,6296.0,-1.0,2973.0,-1.0,28967.6479937856,-1.0,1655.95088056746,-1.0,227857.273446346,-1.0,2.0,-1.0,0.0,-1.0,3072.06133333334,-1.0,1372330.156,-1.0,2056711.0,-1.0,25.0,-1.0,3.45790865737291,-1.0,8669.0,-1.0,13.4344558426607,31.4618637392363,0.0,-1.0,5802.0,-1.0,1056.70842836692,-1.0
181201,181201,,1,1,3.1783492842468,-1.0,17808.0,-1.0,44754.0,-1.0,7459.0,-1.0,92.5559370284155,34.5582217723286,25.3637021923328,34.1083516747736,197.319989676349,175.945565329812,41.4152387452647,8.06744241897525,38.8953979137477,9.90001069803271,12924.7387820751,-1.0,308.223210745907,-1.0,2056692.0,-1.0,6281.0,-1.0,2968.0,-1.0,28912.6741647667,-1.0,1653.73,-1.0,227855.48289079,-1.0,2.0,-1.0,0.0,-1.0,3066.036,-1.0,1372319.336,-1.0,2056692.0,-1.0,25.0,-1.0,3.45312207254323,-1.0,8657.0,-1.0,13.4570880122069,31.4835242846829,0.0,-1.0,5774.0,-1.0,1055.52537712859,-1.0
181201,181201,,2,1,0.0,-1.0,30.0,-1.0,90.0,-1.0,15.0,-1.0,183.94052288482,34.0077836267181,19.5457913513455,9.88112085799937,0.0,0.0,20.1944548127622,4.26001443329014,19.5715437987215,3.49160853962793,11.9811763209609,-1.0,0.616552275079234,-1.0,19.0,-1.0,15.0,-1.0,5.0,-1.0,54.9738290188434,-1.0,2.2208805674581,-1.0,1.79055555555556,-1.0,0.0,-1.0,0.0,-1.0,6.09333333333333,-1.0,10.82,-1.0,19.0,-1.0,0.0,-1.0,0.0,-1.0,12.0,-1.0,0.0,0.0,0.0,-1.0,28.0,-1.0,1.18305123832843,-1.0
181201,181201,,3,1,0.0,-1.0,0.0,-1.0,0.0,-1.0,0.0,-1.0,-1.0,-1.0,-1.0,-1.0,-1.0,-1.0,-1.0,-1.0,-1.0,0.0,0.0,-1.0,0.0,-1.0,0.0,-1.0,0.0,-1.0,0.0,-1.0,0.0,-1.0,0.0,-1.0,0.0,-1.0,0.0,-1.0,0.0,-1.0,0.0,-1.0,0.0,-1.0,0.0,-1.0,0.0,-1.0,0.0,-1.0,0.0,-1.0,-1.0,-1.0,-1.0,-1.0,0.0,-1.0,0.0,-1.0
181201,181201,,4,1,0.0,-1.0,0.0,-1.0,0.0,-1.0,0.0,-1.0,-1.0,-1.0,-1.0,-1.0,-1.0,-1.0,-1.0,-1.0,-1.0,0.0,0.0,-1.0,0.0,-1.0,0.0,-1.0,0.0,-1.0,0.0,-1.0,0.0,-1.0,0.0,-1.0,0.0,-1.0,0.0,-1.0,0.0,-1.0,0.0,-1.0,0.0,-1.0,0.0,-1.0,0.0,-1.0,0.0,-1.0,0.0,-1.0,-1.0,-1.0,-1.0,-1.0,0.0,-1.0,0.0,-1.0
181201,181201,,0,2,4.71033542047225,-1.0,8076.0,-1.0,30402.0,-1.0,5067.0,-1.0,127.257489376029,90.6651103136981,59.9359961643944,90.2964698854836,530.459998006403,324.645427858841,34.885329817783,11.6958743248159,28.2891012360184,13.6602114963662,7090.48936197139,-1.0,219.042331164139,-1.0,3432820.0,-1.0,8671.0,-1.0,1346.0,-1.0,11908.1769902297,-1.0,2267.32081603196,-1.0,456991.797958901,-1.0,2.0,-1.0,0.0,-1.0,8414.59066666667,-1.0,2745194.57733333,-1.0,3432820.0,-1.0,40.0,-1.0,1.96249978016781,-1.0,4920.0,-1.0,48.4382858606362,89.2045848855775,0.0,-1.0,4106.0,-1.0,634.424464103002,-1.0
181201,181201,,1,2,4.70112489077961,-1.0,8046.0,-1.0,30324.0,-1.0,5054.0,-1.0,126.968102772672,90.7065235184169,60.013286058354,90.4516225482739,532.411617206075,323.668163077239,34.949635406944,11.6698564482658,28.3535779568636,13.6755924595173,7074.0385709143,-1.0,218.117515366412,-1.0,3432784.0,-1.0,8653.0,-1.0,1341.0,-1.0,11859.9250365893,-1.0,2263.70003806595,-1.0,456987.656570012,-1.0,2.0,-1.0,0.0,-1.0,8401.54800000001,-1.0,2745169.71333333,-1.0,3432784.0,-1.0,40.0,-1.0,1.95771319533813,-1.0,4908.0,-1.0,48.5781407023213,89.3317938831578,0.0,-1.0,4062.0,-1.0,632.542889846523,-1.0
181201,181201,,2,2,0.0,-1.0,30.0,-1.0,78.0,-1.0,13.0,-1.0,204.870976396383,14.1797459426412,39.2068466044119,16.0655632740886,7.03572865451087,15.7323675427294,17.6385708047959,1.20315836324876,17.5720351575556,1.08128013601344,16.4507910570891,-1.0,0.924815797727053,-1.0,36.0,-1.0,18.0,-1.0,5.0,-1.0,48.2519536404085,-1.0,3.62077796600914,-1.0,4.14138888888889,-1.0,0.0,-1.0,0.0,-1.0,13.0426666666667,-1.0,24.864,-1.0,36.0,-1.0,0.0,-1.0,0.0,-1.0,12.0,-1.0,10.9292173206913,23.9431009213448,0.0,-1.0,44.0,-1.0,1.88157425647861,-1.0
181201,181201,,3,2,0.0,-1.0,0.0,-1.0,0.0,-1.0,0.0,-1.0,-1.0,-1.0,-1.0,-1.0,-1.0,-1.0,-1.0,-1.0,-1.0,0.0,0.0,-1.0,0.0,-1.0,0.0,-1.0,0.0,-1.0,0.0,-1.0,0.0,-1.0,0.0,-1.0,0.0,-1.0,0.0,-1.0,0.0,-1.0,0.0,-1.0,0.0,-1.0,0.0,-1.0,0.0,-1.0,0.0,-1.0,0.0,-1.0,-1.0,-1.0,-1.0,-1.0,0.0,-1.0,0.0,-1.0
181201,181201,,4,2,0.0,-1.0,0.0,-1.0,0.0,-1.0,0.0,-1.0,-1.0,-1.0,-1.0,-1.0,-1.0,-1.0,-1.0,-1.0,-1.0,0.0,0.0,-1.0,0.0,-1.0,0.0,-1.0,0.0,-1.0,0.0,-1.0,0.0,-1.0,0.0,-1.0,0.0,-1.0,0.0,-1.0,0.0,-1.0,0.0,-1.0,0.0,-1.0,0.0,-1.0,0.0,-1.0,0.0,-1.0,0.0,-1.0,-1.0,-1.0,-1.0,-1.0,0.0,-1.0,0.0,-1.0
181201,181201,,0,3,5.84989082663327,-1.0,3678.0,-1.0,14964.0,-1.0,2494.0,-1.0,220.059672285862,167.212312269905,152.11566570234,167.76460091101,845.927503144172,520.650980939007,24.3430003457637,13.8890663942338,16.3591991326949,11.4284116954388,2528.59812942997,-1.0,129.240664648847,-1.0,4812023.0,-1.0,9939.0,-1.0,613.0,-1.0,6791.39634891679,-1.0,2580.36020612966,-1.0,686917.478619618,-1.0,3.0,-1.0,6.0,-1.0,11583.2666666667,-1.0,4123520.82266667,-1.0,4812023.0,-1.0,29.0,-1.0,0.685279394782173,-1.0,1718.0,-1.0,141.733067467712,167.739212291522,0.0,-1.0,2011.0,-1.0,299.53164159611,-1.0
181201,181201,,1,3,5.83756991384966,-1.0,3648.0,-1.0,14898.0,-1.0,2483.0,-1.0,220.234170118394,167.871391155687,153.179847285332,168.039675209257,852.884143795029,517.075805543659,24.391082208117,13.9333803129173,16.3462372712858,11.4674733114207,2515.38010079807,-1.0,128.506174045673,-1.0,4811971.0,-1.0,9920.0,-1.0,608.0,-1.0,6759.25807094999,-1.0,2575.53069524993,-1.0,686910.010286285,-1.0,3.0,-1.0,6.0,-1.0,11562.14,-1.0,4123475.99733333,-1.0,4811971.0,-1.0,29.0,-1.0,0.680093927883356,-1.0,1705.0,-1.0,142.898635456756,167.932657006042,0.0,-1.0,1975.0,-1.0,297.904056236343,-1.0
181201,181201,,2,3,0.0123209127836162,-1.0,30.0,-1.0,66.0,-1.0,11.0,-1.0,198.840735849904,29.4795470115755,22.7111852104773,7.73605474863776,0.0,0.0,18.4962458835974,3.30979937218967,18.1049420512982,2.66167864480837,13.2180286319008,-1.0,0.734490603173631,-1.0,52.0,-1.0,19.0,-1.0,5.0,-1.0,32.1382779667911,-1.0,4.82951087972966,-1.0,7.46833333333333,-1.0,0.0,-1.0,0.0,-1.0,21.1266666666667,-1.0,44.8253333333333,-1.0,52.0,-1.0,0.0,-1.0,0.0,-1.0,13.0,-1.0,0.0,0.0,0.0,-1.0,36.0,-1.0,1.62758535976722,-1.0
181201,181201,,3,3,0.0,-1.0,0.0,-1.0,0.0,-1.0,0.0,-1.0,-1.0,-1.0,-1.0,-1.0,-1.0,-1.0,-1.0,-1.0,-1.0,0.0,0.0,-1.0,0.0,-1.0,0.0,-1.0,0.0,-1.0,0.0,-1.0,0.0,-1.0,0.0,-1.0,0.0,-1.0,0.0,-1.0,0.0,-1.0,0.0,-1.0,0.0,-1.0,0.0,-1.0,0.0,-1.0,0.0,-1.0,0.0,-1.0,-1.0,-1.0,-1.0,-1.0,0.0,-1.0,0.0,-1.0
181201,181201,,4,3,0.0,-1.0,0.0,-1.0,0.0,-1.0,0.0,-1.0,-1.0,-1.0,-1.0,-1.0,-1.0,-1.0,-1.0,-1.0,-1.0,0.0,0.0,-1.0,0.0,-1.0,0.0,-1.0,0.0,-1.0,0.0,-1.0,0.0,-1.0,0.0,-1.0,0.0,-1.0,0.0,-1.0,0.0,-1.0,0.0,-1.0,0.0,-1.0,0.0,-1.0,0.0,-1.0,0.0,-1.0,0.0,-1.0,-1.0,-1.0,-1.0,-1.0,0.0,-1.0,0.0,-1.0
181201,181201,,0,4,6.4636791116659,-1.0,2688.0,-1.0,10944.0,-1.0,1824.0,-1.0,238.261554894545,209.185383474217,170.01579149132,209.32960380705,1218.43016043053,772.481736836957,23.1129517715003,13.7789819406712,15.1094455905544,10.9967513918733,1623.41594545505,-1.0,90.25137028905,-1.0,6188920.0,-1.0,10867.0,-1.0,448.0,-1.0,5405.48872485206,-1.0,2818.77203609913,-1.0,916722.907847791,-1.0,2.0,-1.0,18.0,-1.0,13050.6413333333,-1.0,5502157.12533332,-1.0,6188920.0,-1.0,55.0,-1.0,0.441961332606896,-1.0,1108.0,-1.0,163.704175062883,211.108426757063,0.0,-1.0,1043.0,-1.0,197.151002862237,-1.0
181201,181201,,1,4,6.44808588091643,-1.0,2676.0,-1.0,10860.0,-1.0,1810.0,-1.0,238.385998650239,209.646560303242,170.638781837164,209.591705040052,1223.89397280914,769.875186769454,23.1398963901236,13.804000269724,15.1015580629043,11.0177780417728,1618.00339175497,-1.0,89.9348703132927,-1.0,6188855.0,-1.0,10838.0,-1.0,446.0,-1.0,5369.87447935269,-1.0,2812.33333333333,-1.0,916713.312014458,-1.0,2.0,-1.0,18.0,-1.0,13023.0293333333,-1.0,5502099.53733333,-1.0,6188855.0,-1.0,55.0,-1.0,0.439568040192058,-1.0,1102.0,-1.0,164.438274502627,211.296196405319,0.0,-1.0,1027.0,-1.0,196.616363482963,-1.0
181201,181201,,2,4,0.0155932307494828,-1.0,12.0,-1.0,84.0,-1.0,14.0,-1.0,210.510597374699,3.95911951180415,31.0889443681479,1.5559353541443,0.0,0.0,17.1043018185067,0.321684399313109,17.1012768235709,0.227445104995302,5.41255370007889,-1.0,0.316499975757289,-1.0,65.0,-1.0,29.0,-1.0,2.0,-1.0,35.6142454993755,-1.0,6.43870276579313,-1.0,9.59583333333333,-1.0,0.0,-1.0,0.0,-1.0,27.612,-1.0,57.588,-1.0,65.0,-1.0,0.0,-1.0,0.0,-1.0,6.0,-1.0,0.0,0.0,0.0,-1.0,16.0,-1.0,0.534639379274489,-1.0
181201,181201,,3,4,0.0,-1.0,0.0,-1.0,0.0,-1.0,0.0,-1.0,-1.0,-1.0,-1.0,-1.0,-1.0,-1.0,-1.0,-1.0,-1.0,0.0,0.0,-1.0,0.0,-1.0,0.0,-1.0,0.0,-1.0,0.0,-1.0,0.0,-1.0,0.0,-1.0,0.0,-1.0,0.0,-1.0,0.0,-1.0,0.0,-1.0,0.0,-1.0,0.0,-1.0,0.0,-1.0,0.0,-1.0,0.0,-1.0,-1.0,-1.0,-1.0,-1.0,0.0,-1.0,0.0,-1.0
181201,181201,,4,4,0.0,-1.0,0.0,-1.0,0.0,-1.0,0.0,-1.0,-1.0,-1.0,-1.0,-1.0,-1.0,-1.0,-1.0,-1.0,-1.0,0.0,0.0,-1.0,0.0,-1.0,0.0,-1.0,0.0,-1.0,0.0,-1.0,0.0,-1.0,0.0,-1.0,0.0,-1.0,0.0,-1.0,0.0,-1.0,0.0,-1.0,0.0,-1.0,0.0,-1.0,0.0,-1.0,0.0,-1.0,0.0,-1.0,-1.0,-1.0,-1.0,-1.0,0.0,-1.0,0.0,-1.0
181201,181201,,0,5,7.01096750402292,-1.0,438.0,-1.0,7560.0,-1.0,1260.0,-1.0,178.674997151997,177.689095060926,104.944608715094,177.396052802008,1642.75350217911,1143.81121452207,31.0259622918682,14.7689420558517,20.1483142990483,14.804265283821,303.382518878256,-1.0,11.7247807425892,-1.0,7569500.0,-1.0,11981.0,-1.0,73.0,-1.0,4206.47764927171,-1.0,2996.9956742131,-1.0,1146484.25408633,-1.0,2.0,-1.0,18.0,-1.0,14509.7733333333,-1.0,6880250.30533334,-1.0,7569500.0,-1.0,33.0,-1.0,0.0530513151955932,-1.0,133.0,-1.0,98.3680818617632,183.930888402396,0.0,-1.0,155.0,-1.0,28.6762230784918,-1.0
181201,181201,,1,5,6.99110623408282,-1.0,414.0,-1.0,7470.0,-1.0,1245.0,-1.0,177.85903757805,182.701035203577,109.848585817729,181.312053287151,1737.98558926195,1103.32097049556,31.7206964547319,14.8851378800274,20.2407482297334,15.2434491409447,292.866714704481,-1.0,11.1582803277585,-1.0,7569419.0,-1.0,11945.0,-1.0,69.0,-1.0,4174.10244974775,-1.0,2988.93029579752,-1.0,1146472.09575299,-1.0,2.0,-1.0,18.0,-1.0,14473.28,-1.0,6880177.34,-1.0,7569419.0,-1.0,33.0,-1.0,0.0490624945041952,-1.0,123.0,-1.0,104.070579360996,187.665702072301,0.0,-1.0,127.0,-1.0,27.3301950125634,-1.0
181201,181201,,2,5,0.0198612699401099,-1.0,24.0,-1.0,90.0,-1.0,15.0,-1.0,192.750299802577,29.6085921272393,20.3510036946331,4.96889529512656,0.0,0.0,19.04179798247,3.183097548794,18.6770137514041,2.61018775185091,10.5158041737746,-1.0,0.566500414830788,-1.0,81.0,-1.0,36.0,-1.0,4.0,-1.0,32.3751995239648,-1.0,8.06537841558325,-1.0,12.1583333333333,-1.0,0.0,-1.0,0.0,-1.0,36.4933333333333,-1.0,72.9653333333333,-1.0,81.0,-1.0,0.0,-1.0,0.0,-1.0,10.0,-1.0,0.0,0.0,0.0,-1.0,28.0,-1.0,1.34602806592838,-1.0
181201,181201,,3,5,0.0,-1.0,0.0,-1.0,0.0,-1.0,0.0,-1.0,-1.0,-1.0,-1.0,-1.0,-1.0,-1.0,-1.0,-1.0,-1.0,0.0,0.0,-1.0,0.0,-1.0,0.0,-1.0,0.0,-1.0,0.0,-1.0,0.0,-1.0,0.0,-1.0,0.0,-1.0,0.0,-1.0,0.0,-1.0,0.0,-1.0,0.0,-1.0,0.0,-1.0,0.0,-1.0,0.0,-1.0,0.0,-1.0,-1.0,-1.0,-1.0,-1.0,0.0,-1.0,0.0,-1.0
181201,181201,,4,5,0.0,-1.0,0.0,-1.0,0.0,-1.0,0.0,-1.0,-1.0,-1.0,-1.0,-1.0,-1.0,-1.0,-1.0,-1.0,-1.0,0.0,0.0,-1.0,0.0,-1.0,0.0,-1.0,0.0,-1.0,0.0,-1.0,0.0,-1.0,0.0,-1.0,0.0,-1.0,0.0,-1.0,0.0,-1.0,0.0,-1.0,0.0,-1.0,0.0,-1.0,0.0,-1.0,0.0,-1.0,0.0,-1.0,-1.0,-1.0,-1.0,-1.0,0.0,-1.0,0.0,-1.0
181201,181201,,0,6,7.39023571983967,-1.0,30.0,-1.0,4590.0,-1.0,765.0,-1.0,200.696357152288,18.3843208879583,21.5698694524434,3.97893576248229,0.0,0.0,18.0702823522977,1.81493242181681,17.9375453101439,1.54304138245475,13.2180727490897,-1.0,0.739548260987365,-1.0,8948492.0,-1.0,12736.0,-1.0,5.0,-1.0,2580.54785320976,-1.0,3139.71110294449,-1.0,1376495.9484471,-1.0,2.0,-1.0,18.0,-1.0,15561.7173333333,-1.0,8260207.94133332,-1.0,8948492.0,-1.0,109.0,-1.0,0.0,-1.0,15.0,-1.0,0.0,0.0,0.0,-1.0,36.0,-1.0,1.78924764383774,-1.0
181201,181201,,1,6,7.3668084626523,-1.0,0.0,-1.0,4542.0,-1.0,757.0,-1.0,-1.0,-1.0,-1.0,-1.0,-1.0,-1.0,-1.0,-1.0,-1.0,0.0,0.0,-1.0,0.0,-1.0,8948396.0,-1.0,12702.0,-1.0,0.0,-1.0,2554.25439856753,-1.0,3130.25828745828,-1.0,1376481.13761377,-1.0,2.0,-1.0,18.0,-1.0,15517.0146666666,-1.0,8260119.06,-1.0,8948396.0,-1.0,109.0,-1.0,0.0,-1.0,0.0,-1.0,-1.0,-1.0,-1.0,-1.0,0.0,-1.0,0.0,-1.0
181201,181201,,2,6,0.0234272571873736,-1.0,30.0,-1.0,48.0,-1.0,8.0,-1.0,200.696357152288,18.3843208879583,21.5698694524434,3.97893576248229,0.0,0.0,18.0702823522977,1.81493242181681,17.9375453101439,1.54304138245475,13.2180727490897,-1.0,0.739548260987365,-1.0,96.0,-1.0,34.0,-1.0,5.0,-1.0,26.2934546422321,-1.0,9.45281548621413,-1.0,14.8108333333333,-1.0,0.0,-1.0,0.0,-1.0,44.7026666666667,-1.0,88.8813333333333,-1.0,96.0,-1.0,0.0,-1.0,0.0,-1.0,15.0,-1.0,0.0,0.0,0.0,-1.0,36.0,-1.0,1.78924764383774,-1.0
181201,181201,,3,6,0.0,-1.0,0.0,-1.0,0.0,-1.0,0.0,-1.0,-1.0,-1.0,-1.0,-1.0,-1.0,-1.0,-1.0,-1.0,-1.0,0.0,0.0,-1.0,0.0,-1.0,0.0,-1.0,0.0,-1.0,0.0,-1.0,0.0,-1.0,0.0,-1.0,0.0,-1.0,0.0,-1.0,0.0,-1.0,0.0,-1.0,0.0,-1.0,0.0,-1.0,0.0,-1.0,0.0,-1.0,0.0,-1.0,-1.0,-1.0,-1.0,-1.0,0.0,-1.0,0.0,-1.0
181201,181201,,4,6,0.0,-1.0,0.0,-1.0,0.0,-1.0,0.0,-1.0,-1.0,-1.0,-1.0,-1.0,-1.0,-1.0,-1.0,-1.0,-1.0,0.0,0.0,-1.0,0.0,-1.0,0.0,-1.0,0.0,-1.0,0.0,-1.0,0.0,-1.0,0.0,-1.0,0.0,-1.0,0.0,-1.0,0.0,-1.0,0.0,-1.0,0.0,-1.0,0.0,-1.0,0.0,-1.0,0.0,-1.0,0.0,-1.0,-1.0,-1.0,-1.0,-1.0,0.0,-1.0,0.0,-1.0
181201,181201,,0,0,5.76829591635508,-1.0,5458.0,-1.0,18884.0,-1.0,18884.0,-1.0,128.728255166131,111.75063730551,61.0542014195649,111.495725569895,455.107395316114,511.014615730045,36.2054164656282,12.4558788233175,27.9658882609261,15.1797801398916,24495.8239868798,-1.0,759.838458126598,-1.0,8948492.0,-1.0,12736.0,-1.0,5458.0,-1.0,2580.54785320976,-1.0,20069.2692867774,-1.0,4834546.93219315,-1.0,2.0,-1.0,18.0,-1.0,11032.0084444445,-1.0,4813943.48800001,-1.0,8948492.0,-1.0,291.0,-1.0,6.60668371116248,-1.0,16563.0,-1.0,49.9342764291744,111.902285864239,0.0,-1.0,13153.0,-1.0,2218.2810076506,-1.0
181201,181201,,1,0,5.75384077775459,-1.0,5432.0,-1.0,18808.0,-1.0,18808.0,-1.0,128.399309893477,111.904360517969,61.2251621836114,111.732193990809,457.279268223873,511.268487813843,36.2899097026076,12.4240801754116,28.0375338698211,15.2110573898808,24425.0275602469,-1.0,755.940050799042,-1.0,8948396.0,-1.0,12702.0,-1.0,5432.0,-1.0,2554.25439856753,-1.0,20035.8812589599,-1.0,4834496.8349987,-1.0,2.0,-1.0,18.0,-1.0,11007.1746666667,-1.0,4813893.49733333,-1.0,8948396.0,-1.0,291.0,-1.0,6.57955973046097,-1.0,16495.0,-1.0,50.1632243490115,112.118475268228,0.0,-1.0,12965.0,-1.0,2209.91888170698,-1.0
181201,181201,,2,0,0.0144546142725753,-1.0,26.0,-1.0,76.0,-1.0,76.0,-1.0,197.452513668334,24.1527828246375,25.3365525618545,11.3185777014727,1.35302474125209,6.89909955801823,18.5528294166984,2.75581694081585,18.2322318066156,2.41768689943041,70.7964266328941,-1.0,3.89840732755536,-1.0,96.0,-1.0,34.0,-1.0,26.0,-1.0,26.2934546422321,-1.0,33.3880278175718,-1.0,50.0971944444444,-1.0,0.0,-1.0,0.0,-1.0,24.8451111111111,-1.0,49.9906666666667,-1.0,96.0,-1.0,0.0,-1.0,0.0271239807015063,-1.0,68.0,-1.0,2.10177256167174,10.5365528285249,0.0,-1.0,188.0,-1.0,8.36212594361487,-1.0
181201,181201,,3,0,0.0,-1.0,0.0,-1.0,0.0,-1.0,0.0,-1.0,-1.0,-1.0,-1.0,-1.0,-1.0,-1.0,-1.0,-1.0,-1.0,0.0,0.0,-1.0,0.0,-1.0,0.0,-1.0,0.0,-1.0,0.0,-1.0,0.0,-1.0,0.0,-1.0,0.0,-1.0,0.0,-1.0,0.0,-1.0,0.0,-1.0,0.0,-1.0,0.0,-1.0,0.0,-1.0,0.0,-1.0,0.0,-1.0,-1.0,-1.0,-1.0,-1.0,0.0,-1.0,0.0,-1.0
181201,181201,,4,0,0.0,-1.0,0.0,-1.0,0.0,-1.0,0.0,-1.0,-1.0,-1.0,-1.0,-1.0,-1.0,-1.0,-1.0,-1.0,-1.0,0.0,0.0,-1.0,0.0,-1.0,0.0,-1.0,0.0,-1.0,0.0,-1.0,0.0,-1.0,0.0,-1.0,0.0,-1.0,0.0,-1.0,0.0,-1.0,0.0,-1.0,0.0,-1.0,0.0,-1.0,0.0,-1.0,0.0,-1.0,0.0,-1.0,-1.0,-1.0,-1.0,-1.0,0.0,-1.0,0.0,-1.0
